/*
 Navicat Premium Data Transfer

 Source Server         : AWS NS1 (PostgreSQL)
 Source Server Type    : PostgreSQL
 Source Server Version : 90111
 Source Host           : localhost
 Source Database       : dogeify
 Source Schema         : public

 Target Server Type    : PostgreSQL
 Target Server Version : 90111
 File Encoding         : utf-8

 Date: 04/29/2014 12:51:47 PM
*/

-- ----------------------------
--  Sequence structure for "payments_id_seq"
-- ----------------------------
DROP SEQUENCE IF EXISTS "payments_id_seq";
CREATE SEQUENCE "payments_id_seq" INCREMENT 1 START 59 MAXVALUE 9223372036854775807 MINVALUE 1 CACHE 1;
ALTER TABLE "payments_id_seq" OWNER TO "dogeify";

-- ----------------------------
--  Sequence structure for "sites_id_seq"
-- ----------------------------
DROP SEQUENCE IF EXISTS "sites_id_seq";
CREATE SEQUENCE "sites_id_seq" INCREMENT 1 START 962 MAXVALUE 9223372036854775807 MINVALUE 1 CACHE 1;
ALTER TABLE "sites_id_seq" OWNER TO "dogeify";

-- ----------------------------
--  Sequence structure for "users_id_seq"
-- ----------------------------
DROP SEQUENCE IF EXISTS "users_id_seq";
CREATE SEQUENCE "users_id_seq" INCREMENT 1 START 63 MAXVALUE 9223372036854775807 MINVALUE 1 CACHE 1;
ALTER TABLE "users_id_seq" OWNER TO "dogeify";

-- ----------------------------
--  Table structure for "payments"
-- ----------------------------
DROP TABLE IF EXISTS "payments";
CREATE TABLE "payments" (
	"id" int4 NOT NULL DEFAULT nextval('payments_id_seq'::regclass),
	"user_id" int4 NOT NULL,
	"amount" int4 NOT NULL,
	"address" varchar(200) NOT NULL,
	"type" varchar(30) NOT NULL,
	"status" int4 NOT NULL DEFAULT 1,
	"updated_at" timestamp(6) NULL,
	"transaction_hash" varchar(100)
)
WITH (OIDS=FALSE);
ALTER TABLE "payments" OWNER TO "dogeify";

-- ----------------------------
--  Records of "payments"
-- ----------------------------
BEGIN;
INSERT INTO "payments" VALUES ('30', '34', '13', 'DFcJwERaLAzy3wpiFry9ZrFEZ9brgF4Mj2', 'DOGE', '3', '2014-02-18 04:23:45.797591', 'e5cc096f682baa1bde1cf07574b22df5e0c74838430288cecf13f22250ef8ba4"');
INSERT INTO "payments" VALUES ('17', '24', '9', 'DDDgg4vHECNpi4GAd6A1maVYBGZ1nVRhat', 'DOGE', '2', '2014-02-17 04:23:02.591211', null);
INSERT INTO "payments" VALUES ('32', '36', '7', 'D6U6VpYgtTMYU9SiNDBiv1fuC2oS7R5HS9', 'DOGE', '3', '2014-02-19 03:58:24.034539', '73686d472c0e5a1b47d8a4ba975bf234868982ea5ca5cfc70bfc90dd87803c2a"');
INSERT INTO "payments" VALUES ('53', '57', '5', 'DKTUhiMwLwo6DBBXtXZMqi65jjZcnVnhTk', 'DOGE', '3', '2014-03-04 06:32:24.913288', '5b638ad3001a0f28b7c0a6357be92a86c45ba3605e9f0288ac68f4f22f1df5b9"');
INSERT INTO "payments" VALUES ('38', '42', '9', 'DTc1VhF7nFgLkvPVyXyujJiyrmeqcVkfyK', 'DOGE', '3', '2014-02-19 03:59:49.624189', '590b021901692f439e698933e9baf857c6869605154e0ac3420b9d9844cc5a21"');
INSERT INTO "payments" VALUES ('19', '26', '8', 'D5KLkQhE6VF9eXijthgR1LXZjveN6Hsgc2', 'DOGE', '2', '2014-02-17 05:08:35.708856', null);
INSERT INTO "payments" VALUES ('15', '21', '5', 'DBkK4ZS2GB1b97iSytyziJ4ahX6UHxeCb8', 'DOGE', '3', '2014-02-17 08:02:22.396766', null);
INSERT INTO "payments" VALUES ('18', '25', '12', 'D849sY1os3JLTNGdGhSmTGLUhZq4A2KgXj', 'DOGE', '3', '2014-02-17 08:02:23.699724', null);
INSERT INTO "payments" VALUES ('16', '23', '11', 'D83UAA2EKX9NPg6x74Qdqzj3MT1mBxvyJh', 'DOGE', '3', '2014-02-17 08:02:24.430923', null);
INSERT INTO "payments" VALUES ('23', '29', '6', 'D9MbT8hVeDSos8o96KAms5fBQgYW7y6Jz2', 'DOGE', '3', '2014-02-17 08:49:10.192162', '9f6ac10b20f7503d406582cf6b352c3f700355947d40aa67c517f76a57808748"');
INSERT INTO "payments" VALUES ('25', '19', '11', 'DKdTDQNpCHttwkA5pBGFrg61Xv7smbT9bi', 'DOGE', '3', '2014-02-17 08:49:35.555825', '62fb9db111e697b65eb5fb282da587d5044304024ce75951d267ac289b8d0685"');
INSERT INTO "payments" VALUES ('39', '43', '9', 'DGj74jMCKKCfGZEPePZZHM3ouKsvxo4VH5', 'DOGE', '3', '2014-02-25 07:26:18.519772', '8231dfe8a8cc96f009966130c1a59be7fe60ea804f2c962e1e9f414daf9a95d0"');
INSERT INTO "payments" VALUES ('44', '48', '10', 'DG8dRpNGuBvJfDReasmD74exM4QozPgagB', 'DOGE', '3', '2014-03-04 06:30:51.208682', '95c245b7f34ae8b47b1e260d0cbf46a4884bf8fec03d06fb66f488e76190584c"');
INSERT INTO "payments" VALUES ('36', '40', '10', 'DNaUrXcQSV4fJKbGg3zEWhgLxwK3fAjqm4', 'DOGE', '4', '2014-04-28 00:09:00.395486', null);
INSERT INTO "payments" VALUES ('41', '45', '13', 'DFqa8msVfLSY51HXbAzn1JyLk3SVkfj6WW', 'DOGE', '4', '2014-04-28 00:09:01.531082', null);
INSERT INTO "payments" VALUES ('43', '47', '5', 'DMXRxUwUEkUqqd7e5TJDeuj56Uo2tg2xno', 'DOGE', '4', '2014-04-28 00:09:02.757255', null);
INSERT INTO "payments" VALUES ('31', '35', '13', 'DPfp8Egq7VCHCx1VAfLr2GgQ5FfwHdsi9h', 'DOGE', '4', '2014-04-28 00:09:04.079705', null);
INSERT INTO "payments" VALUES ('42', '46', '13', 'DGzWtfto9Kghhzn2hkoMaeJDzdZmYNskze', 'DOGE', '4', '2014-04-28 00:09:05.215417', null);
INSERT INTO "payments" VALUES ('50', '54', '14', 'DAySHSfVoUnochjmtii8P1APPeHJBtqjBY', 'DOGE', '3', '2014-03-04 06:31:22.693719', 'e551eb0b5350ce5f607f6d59c53ef9e33526de077eabff7cc622d31acafcf409"');
INSERT INTO "payments" VALUES ('26', '30', '8', 'DKdTDQNpCHttwkA5pBGFrg61Xv7smbT9bi', 'DOGE', '3', '2014-02-17 10:52:07.933155', '2d3dc348e86ea0e2d690aa3f60bc8614aa88663cd5adf78a919ec3762c36c3d1"');
INSERT INTO "payments" VALUES ('52', '56', '9', 'DJzxksg2zBmNqWb7Z6NWFEeTT2BBERZfNp', 'DOGE', '3', '2014-03-04 06:31:54.333356', 'b73c8cb74a1770359977218b710eafda41ad8ae46cc6415fd8dab1b22cf8ba9f"');
INSERT INTO "payments" VALUES ('29', '33', '11', 'DU4GUZGryM2GidFJrPwsXCjU6zjXbxvKqV', 'DOGE', '3', '2014-02-17 23:04:31.798633', '0483b97c6a7933d41161dcfb93da52626119ba3d0acd54ecaeadebcfd4061ecf"');
INSERT INTO "payments" VALUES ('56', '60', '10', 'DToMoonh8GLGrzBSyLaoqteqvrQrm9RkuR', 'DOGE', '4', '2014-03-04 06:32:55.105579', null);
INSERT INTO "payments" VALUES ('57', '61', '7', 'D5qKBnn6xvcVb6JDo6MusiP8LQWEajde9u', 'DOGE', '4', '2014-03-04 06:32:56.984855', null);
INSERT INTO "payments" VALUES ('45', '49', '10', 'DKJbkBurjueEVPptUJPDSPLfQRTsLBNpcn', 'DOGE', '4', '2014-03-04 06:32:58.669309', null);
INSERT INTO "payments" VALUES ('46', '50', '10', 'D7WpMWSdAxUAVxGFX5ey4r3Rfhn67VTHJk', 'DOGE', '4', '2014-03-04 06:32:59.925121', null);
INSERT INTO "payments" VALUES ('47', '51', '14', 'D8WLWUjLnBoWqTHWKn1rtZE1g8f15kYhGQ', 'DOGE', '4', '2014-03-04 06:33:01.455914', null);
INSERT INTO "payments" VALUES ('48', '52', '12', 'DJdVfLG4m3s6ZknEzeHjjpWFsEWKgZikMa', 'DOGE', '4', '2014-03-04 06:33:04.089384', null);
INSERT INTO "payments" VALUES ('49', '53', '6', 'DEuGcqrSQFJY7mGxzry3A2oQb2VconyJhb', 'DOGE', '4', '2014-03-04 06:33:09.321455', null);
INSERT INTO "payments" VALUES ('37', '41', '9', 'DErnPZ2cBZajgbrBhji3hnbXs5UoWHV4Cs', 'DOGE', '4', '2014-02-19 04:02:18.559925', null);
INSERT INTO "payments" VALUES ('20', '22', '10', 'DFMK4bwjysrte9EgPQZxh5ahxSZPZGDrMD', 'DOGE', '4', '2014-02-19 04:02:19.561526', null);
INSERT INTO "payments" VALUES ('28', '32', '14', 'DFvDptX8TCNqisFYxwifjKtEWMxsqCBntr', 'DOGE', '4', '2014-02-19 04:06:18.860128', null);
INSERT INTO "payments" VALUES ('33', '37', '9', 'DD1h4pmyKvjQWwmg5wHjWwxzeYTVG2VA9j', 'DOGE', '4', '2014-02-25 07:28:19.88771', null);
INSERT INTO "payments" VALUES ('27', '31', '9', '', 'DOGE', '4', '2014-02-28 03:46:43.839576', null);
INSERT INTO "payments" VALUES ('40', '44', '7', 'DNxCrNDaaf316z1BMv8mxy5XSG6BxGZ4hi', 'DOGE', '4', '2014-02-28 03:46:50.047153', null);
INSERT INTO "payments" VALUES ('54', '58', '9', 'DGjNkR4wBkLPjATpYjmcAwki3bENZWqbwQ', 'DOGE', '4', '2014-03-04 06:33:11.79146', null);
INSERT INTO "payments" VALUES ('55', '59', '5', 'D6n2sXA5EyfMN4P497re6yV3WGrDV4EwUc', 'DOGE', '4', '2014-03-04 06:33:14.272687', null);
INSERT INTO "payments" VALUES ('21', '27', '5', 'D5X5DGaURqmSmLXjSKGPV34CUU4RjC4Nfa', 'DOGE', '4', '2014-03-04 06:34:06.577556', null);
INSERT INTO "payments" VALUES ('58', '62', '14', 'DBPAuTKv9ZAJc6qjzdCudMzF3XHT1CHqqs', 'DOGE', '4', '2014-03-04 06:34:08.765195', null);
INSERT INTO "payments" VALUES ('59', '63', '11', 'DLc29Th5XudNQzBrNKi8i99VDQYoJfWBei', 'DOGE', '4', '2014-03-04 06:34:10.24145', null);
INSERT INTO "payments" VALUES ('51', '55', '12', 'DBNeGjsb1Sb7xA4bHqbExhWA8nFJyerYpK', 'DOGE', '4', '2014-03-04 06:34:11.75836', null);
INSERT INTO "payments" VALUES ('35', '39', '11', 'DSN1JSteWCPxDv12KtfAP96xoY4e6HU9oc', 'DOGE', '4', '2014-03-04 06:34:13.316332', null);
INSERT INTO "payments" VALUES ('34', '38', '6', 'DFFHFtQHnrda6nLJfuJqLwm2ogrALu1uqu', 'DOGE', '4', '2014-03-04 06:34:17.767149', null);
COMMIT;

-- ----------------------------
--  Table structure for "users"
-- ----------------------------
DROP TABLE IF EXISTS "users";
CREATE TABLE "users" (
	"id" int4 NOT NULL DEFAULT nextval('users_id_seq'::regclass),
	"refers" int4 DEFAULT 0,
	"referrer" text,
	"twitter_username" varchar(200),
	"dogecoin_address" varchar(200),
	"points" int4 NOT NULL DEFAULT 0,
	"has_tweeted" bool NOT NULL DEFAULT false
)
WITH (OIDS=FALSE);
ALTER TABLE "users" OWNER TO "dogeify";

-- ----------------------------
--  Records of "users"
-- ----------------------------
BEGIN;
INSERT INTO "users" VALUES ('57', '0', null, 'somuchmoon', null, '1', 't');
INSERT INTO "users" VALUES ('21', '0', null, 'kingsmead', null, '0', 'f');
INSERT INTO "users" VALUES ('24', '0', null, 'elguerrak', null, '0', 'f');
INSERT INTO "users" VALUES ('26', '0', null, 'Tommyownzall', null, '0', 'f');
INSERT INTO "users" VALUES ('27', '0', null, 'tommaxwelll', null, '0', 'f');
INSERT INTO "users" VALUES ('28', '0', null, 'tzahi12345', null, '0', 'f');
INSERT INTO "users" VALUES ('29', '0', null, 'NerdWhoCodes', null, '0', 'f');
INSERT INTO "users" VALUES ('31', '0', null, 'czjl1127', null, '0', 'f');
INSERT INTO "users" VALUES ('32', '0', null, 'piusjstuck', null, '0', 'f');
INSERT INTO "users" VALUES ('35', '0', null, 'Mattsilv', null, '0', 'f');
INSERT INTO "users" VALUES ('37', '0', null, 'a3cel2', null, '0', 'f');
INSERT INTO "users" VALUES ('38', '0', null, 'aklys', null, '0', 'f');
INSERT INTO "users" VALUES ('39', '0', null, 'kennikikenny', null, '0', 'f');
INSERT INTO "users" VALUES ('40', '0', null, 'EmmanuelTromas', null, '0', 'f');
INSERT INTO "users" VALUES ('41', '0', null, 'r1ckvandelaar', null, '0', 'f');
INSERT INTO "users" VALUES ('44', '0', null, 'mdamjanic7', null, '0', 'f');
INSERT INTO "users" VALUES ('30', '0', null, 'ericmuyser', null, '1', 't');
INSERT INTO "users" VALUES ('43', '0', null, 'eolo999', null, '1', 't');
INSERT INTO "users" VALUES ('42', '0', null, 'DannieBGoode', null, '1', 't');
INSERT INTO "users" VALUES ('36', '0', null, 'mynameischesto', null, '1', 't');
INSERT INTO "users" VALUES ('34', '0', null, 'stacywebb', null, '1', 't');
INSERT INTO "users" VALUES ('33', '0', null, 'busekes', null, '1', 't');
INSERT INTO "users" VALUES ('25', '0', null, 'Paulwingbermueh', null, '1', 't');
INSERT INTO "users" VALUES ('23', '0', null, 'ThatMudkipGuy', null, '1', 't');
INSERT INTO "users" VALUES ('46', '0', null, 'Sean McMahonseanmcm', null, '0', 'f');
INSERT INTO "users" VALUES ('47', '0', null, 'Bukz_', null, '0', 'f');
INSERT INTO "users" VALUES ('49', '0', null, 'rick258', null, '0', 'f');
INSERT INTO "users" VALUES ('50', '0', null, 'PitaredavePiratedave_', null, '0', 'f');
INSERT INTO "users" VALUES ('51', '0', null, 'ShinyDoge', null, '0', 'f');
INSERT INTO "users" VALUES ('52', '0', null, 'carlishio2', null, '0', 'f');
INSERT INTO "users" VALUES ('53', '0', null, 'lindepuu', null, '0', 'f');
INSERT INTO "users" VALUES ('55', '0', null, 'sbramson', null, '0', 'f');
INSERT INTO "users" VALUES ('58', '0', null, 'tony', null, '0', 'f');
INSERT INTO "users" VALUES ('59', '0', null, 'kakod', null, '0', 'f');
INSERT INTO "users" VALUES ('60', '0', null, 'clb92', null, '0', 'f');
INSERT INTO "users" VALUES ('45', '2', null, 'cryoto_now', null, '0', 'f');
INSERT INTO "users" VALUES ('61', '0', null, 'CerebroExanime', null, '0', 'f');
INSERT INTO "users" VALUES ('62', '0', null, 'BuddaFrozen', null, '0', 'f');
INSERT INTO "users" VALUES ('63', '0', null, 'yeezuseight', null, '0', 'f');
INSERT INTO "users" VALUES ('48', '0', null, 'gen0x', null, '1', 't');
INSERT INTO "users" VALUES ('54', '0', null, 'Rymo_', null, '1', 't');
INSERT INTO "users" VALUES ('56', '0', null, 'krazy_bit', null, '1', 't');
COMMIT;

-- ----------------------------
--  Table structure for "sites"
-- ----------------------------
DROP TABLE IF EXISTS "sites";
CREATE TABLE "sites" (
	"id" int4 NOT NULL DEFAULT nextval('sites_id_seq'::regclass),
	"url" varchar(200) NOT NULL,
	"searches" int4 NOT NULL DEFAULT 1,
	"comment" varchar(200)
)
WITH (OIDS=FALSE);
ALTER TABLE "sites" OWNER TO "dogeify";

-- ----------------------------
--  Records of "sites"
-- ----------------------------
BEGIN;
INSERT INTO "sites" VALUES ('20', 'xkcd.com', '1', null);
INSERT INTO "sites" VALUES ('73', 'quickleft.com', '5', null);
INSERT INTO "sites" VALUES ('56', 'thomhartmann.com', '1', null);
INSERT INTO "sites" VALUES ('128', 'coolshop.dk', '1', null);
INSERT INTO "sites" VALUES ('22', 'imgur.com', '143', null);
INSERT INTO "sites" VALUES ('48', 'neopets.com', '3', null);
INSERT INTO "sites" VALUES ('49', 'nibrobb.net', '1', null);
INSERT INTO "sites" VALUES ('106', 'wisemart.com', '1', null);
INSERT INTO "sites" VALUES ('50', 'enenews.com', '1', null);
INSERT INTO "sites" VALUES ('23', 'habitacion101.com', '1', null);
INSERT INTO "sites" VALUES ('24', 'fansub.tv', '1', null);
INSERT INTO "sites" VALUES ('101', 'lcsun-news.com', '1', null);
INSERT INTO "sites" VALUES ('102', 'slate.com', '1', null);
INSERT INTO "sites" VALUES ('77', 'arkokoley.github.io', '1', null);
INSERT INTO "sites" VALUES ('58', 'newschoolers.com', '1', null);
INSERT INTO "sites" VALUES ('107', 'modulus.io', '1', null);
INSERT INTO "sites" VALUES ('76', 'news.ycombinator.com', '81', null);
INSERT INTO "sites" VALUES ('116', 'gamewisp.com', '1', null);
INSERT INTO "sites" VALUES ('103', 'felixonline.co.uk', '1', null);
INSERT INTO "sites" VALUES ('14', 'linustechtips.com', '1', null);
INSERT INTO "sites" VALUES ('108', 'htloz.net', '1', null);
INSERT INTO "sites" VALUES ('35', 'spacejam.com', '11', null);
INSERT INTO "sites" VALUES ('117', 'bret.io', '1', null);
INSERT INTO "sites" VALUES ('78', 'poetsareus.com', '1', null);
INSERT INTO "sites" VALUES ('79', 'tenislove.pl', '1', null);
INSERT INTO "sites" VALUES ('52', 'powback.com', '1', null);
INSERT INTO "sites" VALUES ('65', 'octobercms.com', '1', null);
INSERT INTO "sites" VALUES ('17', 'dogedoor.net', '1', null);
INSERT INTO "sites" VALUES ('80', 'fusewashington.org', '1', null);
INSERT INTO "sites" VALUES ('37', 'preregister.everydayhero.com', '1', null);
INSERT INTO "sites" VALUES ('120', 'treasuredata.com', '1', null);
INSERT INTO "sites" VALUES ('38', 'georgebatesart.com', '1', null);
INSERT INTO "sites" VALUES ('7', 'bbc.com', '148', 'such british');
INSERT INTO "sites" VALUES ('81', 'heartsonfire.com', '1', null);
INSERT INTO "sites" VALUES ('5', 'ign.com', '37', 'gaming always');
INSERT INTO "sites" VALUES ('60', 'gamespot.com', '1', null);
INSERT INTO "sites" VALUES ('40', 'bugzee.tk', '1', null);
INSERT INTO "sites" VALUES ('34', 'gizmodo.com', '7', null);
INSERT INTO "sites" VALUES ('109', 'seanmalstrom.wordpress.com', '1', null);
INSERT INTO "sites" VALUES ('6', 'cnn.com', '399', 'many n, wow');
INSERT INTO "sites" VALUES ('61', 'hugeinc.com', '1', null);
INSERT INTO "sites" VALUES ('130', 'msn.com', '1', null);
INSERT INTO "sites" VALUES ('41', 'phillipian.net', '1', null);
INSERT INTO "sites" VALUES ('59', 'en.wikipedia.org', '75', null);
INSERT INTO "sites" VALUES ('25', 'facebook.com', '211', null);
INSERT INTO "sites" VALUES ('42', 'sponsr.us', '1', null);
INSERT INTO "sites" VALUES ('104', 'fullfatthings.com', '1', null);
INSERT INTO "sites" VALUES ('28', 'everydayhero.com.au', '1', null);
INSERT INTO "sites" VALUES ('29', 'dgycs28x6p7bs23kzh7xqvglmhzqcvulkd', '1', null);
INSERT INTO "sites" VALUES ('31', 'godlikeproductions.com', '1', null);
INSERT INTO "sites" VALUES ('62', 'destruct.co', '1', null);
INSERT INTO "sites" VALUES ('112', 'news.ycombinator.coreddit.comm', '1', null);
INSERT INTO "sites" VALUES ('82', 'asana.com', '1', null);
INSERT INTO "sites" VALUES ('15', 'youtube.com', '63', null);
INSERT INTO "sites" VALUES ('33', 'cnn.com.dogeify.org', '1', null);
INSERT INTO "sites" VALUES ('83', 'wollw.org', '1', null);
INSERT INTO "sites" VALUES ('84', 'welikehumane.com', '1', null);
INSERT INTO "sites" VALUES ('53', 'dhbyxmmi8cenlreucyly82wm5qas7himuz', '1', null);
INSERT INTO "sites" VALUES ('16', 'unirefri.com', '9', null);
INSERT INTO "sites" VALUES ('45', 'hspolicy.debatecoaches.org', '1', null);
INSERT INTO "sites" VALUES ('131', 'alternativebit.fr', '1', null);
INSERT INTO "sites" VALUES ('30', 'google.ca', '17', null);
INSERT INTO "sites" VALUES ('123', 'chefconf.opscode.com', '1', null);
INSERT INTO "sites" VALUES ('129', 'guenkisushi.fr', '1', null);
INSERT INTO "sites" VALUES ('132', 'csgames.org', '1', null);
INSERT INTO "sites" VALUES ('46', 'codeday.org', '1', null);
INSERT INTO "sites" VALUES ('47', 'flitti.com', '1', null);
INSERT INTO "sites" VALUES ('133', 'jpgdump.com', '1', null);
INSERT INTO "sites" VALUES ('85', 'helloshow.com', '1', null);
INSERT INTO "sites" VALUES ('4', 'mobify.com', '23', 'wowbify');
INSERT INTO "sites" VALUES ('66', 'contram.it', '1', null);
INSERT INTO "sites" VALUES ('139', 'tvnet.lv', '1', null);
INSERT INTO "sites" VALUES ('68', 'blackhatworld.com', '1', null);
INSERT INTO "sites" VALUES ('97', 'clever.com', '1', null);
INSERT INTO "sites" VALUES ('91', 'hckrnews.com', '1', null);
INSERT INTO "sites" VALUES ('69', 'stephensaucier.com', '1', null);
INSERT INTO "sites" VALUES ('70', 'nyt.com', '1', null);
INSERT INTO "sites" VALUES ('134', 'theatlantic.com', '1', null);
INSERT INTO "sites" VALUES ('140', 'bitch.com', '1', null);
INSERT INTO "sites" VALUES ('72', 'teamliquid.net', '11', null);
INSERT INTO "sites" VALUES ('63', 'apmex.com', '1', null);
INSERT INTO "sites" VALUES ('55', 'spokeo.com', '1', null);
INSERT INTO "sites" VALUES ('36', 'greaterfool.ca', '3', null);
INSERT INTO "sites" VALUES ('121', 'google.es', '1', null);
INSERT INTO "sites" VALUES ('64', 'iit.edu', '1', null);
INSERT INTO "sites" VALUES ('136', 'lemonsky.pl', '1', null);
INSERT INTO "sites" VALUES ('92', 'redecolibri.com.br', '1', null);
INSERT INTO "sites" VALUES ('114', 'nestio.com', '1', null);
INSERT INTO "sites" VALUES ('98', 'energilageret.dk', '1', null);
INSERT INTO "sites" VALUES ('135', 'dev.comresource.com', '1', null);
INSERT INTO "sites" VALUES ('67', 'netwars.pl', '1', null);
INSERT INTO "sites" VALUES ('110', '500px.com', '29', null);
INSERT INTO "sites" VALUES ('39', 'yahoo.com', '107', null);
INSERT INTO "sites" VALUES ('105', 'expensify.com', '1', null);
INSERT INTO "sites" VALUES ('118', 'notationtraining.com', '1', null);
INSERT INTO "sites" VALUES ('137', 'obsidian.net', '1', null);
INSERT INTO "sites" VALUES ('99', 'pokercopilot.com', '1', null);
INSERT INTO "sites" VALUES ('18', 'google.com', '503', 'wow very search');
INSERT INTO "sites" VALUES ('71', 'jh3y.github.io', '5', null);
INSERT INTO "sites" VALUES ('115', 'shiulserv.no-ip.org', '1', null);
INSERT INTO "sites" VALUES ('124', 'weather.com', '1', null);
INSERT INTO "sites" VALUES ('122', 'dev.binarytees.in', '1', null);
INSERT INTO "sites" VALUES ('119', 'aboudjaffar.blog.lemonde.fr', '1', null);
INSERT INTO "sites" VALUES ('125', 'marca.com', '1', null);
INSERT INTO "sites" VALUES ('86', 'equestriadaily.com', '1', null);
INSERT INTO "sites" VALUES ('11', 'geekbauchery.com', '9', null);
INSERT INTO "sites" VALUES ('74', 'www1.skysports.com', '1', null);
INSERT INTO "sites" VALUES ('75', 'ycombinator.com', '1', null);
INSERT INTO "sites" VALUES ('93', 'johnbender.us', '1', null);
INSERT INTO "sites" VALUES ('95', 'nytimes.com', '5', null);
INSERT INTO "sites" VALUES ('87', 'barracudanetworks.com', '1', null);
INSERT INTO "sites" VALUES ('88', 'happier.com', '1', null);
INSERT INTO "sites" VALUES ('89', 'no', '1', null);
INSERT INTO "sites" VALUES ('126', 'lemonde.fr', '1', null);
INSERT INTO "sites" VALUES ('94', 'loading.se', '1', null);
INSERT INTO "sites" VALUES ('127', 'eatfoodio.com', '1', null);
INSERT INTO "sites" VALUES ('141', 'aolivella.cat', '1', null);
INSERT INTO "sites" VALUES ('156', 'cloudpelican.com', '3', null);
INSERT INTO "sites" VALUES ('142', 'sq1.com', '1', null);
INSERT INTO "sites" VALUES ('143', 'web.univ-pau.fr', '1', null);
INSERT INTO "sites" VALUES ('144', 'wpblogexperts.com', '1', null);
INSERT INTO "sites" VALUES ('145', 'homepages.cwi.nl', '1', null);
INSERT INTO "sites" VALUES ('148', 'kennyd.org', '1', null);
INSERT INTO "sites" VALUES ('149', 'node.pk', '1', null);
INSERT INTO "sites" VALUES ('150', 'nexavarus.com', '1', null);
INSERT INTO "sites" VALUES ('151', 'blandfill.com', '1', null);
INSERT INTO "sites" VALUES ('152', 'ihacares.com', '1', null);
INSERT INTO "sites" VALUES ('153', 'ww2w.fr', '1', null);
INSERT INTO "sites" VALUES ('154', 'meneame.net', '1', null);
INSERT INTO "sites" VALUES ('155', 'adversitement.com', '1', null);
INSERT INTO "sites" VALUES ('113', 'engadget.com', '5', null);
INSERT INTO "sites" VALUES ('27', 'bbc.co.uk', '49', null);
INSERT INTO "sites" VALUES ('90', 'techcrunch.com', '3', null);
INSERT INTO "sites" VALUES ('26', 'news.google.com', '5', null);
INSERT INTO "sites" VALUES ('54', 'microsoft.com', '9', null);
INSERT INTO "sites" VALUES ('100', 'chess.com', '3', null);
INSERT INTO "sites" VALUES ('44', 'medium.com', '3', null);
INSERT INTO "sites" VALUES ('146', 'resmaps.com', '3', null);
INSERT INTO "sites" VALUES ('43', 'twitter.com', '21', null);
INSERT INTO "sites" VALUES ('147', 'slashdot.org', '3', null);
INSERT INTO "sites" VALUES ('57', 'onlyanimalporn.com', '3', null);
INSERT INTO "sites" VALUES ('96', 'cyclingnews.com', '3', null);
INSERT INTO "sites" VALUES ('138', 'vg.no', '7', null);
INSERT INTO "sites" VALUES ('111', 'getchef.com', '5', null);
INSERT INTO "sites" VALUES ('51', 'lifepunch.net', '19', null);
INSERT INTO "sites" VALUES ('216', 'bing', '1', null);
INSERT INTO "sites" VALUES ('157', 'mtthieurondeau.fr', '1', null);
INSERT INTO "sites" VALUES ('218', 'arstechnica.com', '1', null);
INSERT INTO "sites" VALUES ('158', 'matthieurondeau.fr', '1', null);
INSERT INTO "sites" VALUES ('159', 'conectica.com.mx', '1', null);
INSERT INTO "sites" VALUES ('219', 'redarrowlabs.com', '1', null);
INSERT INTO "sites" VALUES ('221', 'sap.de', '1', null);
INSERT INTO "sites" VALUES ('238', 'xn--die-stmme-02a.de', '1', null);
INSERT INTO "sites" VALUES ('164', 'twit.tv', '1', null);
INSERT INTO "sites" VALUES ('220', 'shazam.com', '5', null);
INSERT INTO "sites" VALUES ('222', 'sap.com', '1', null);
INSERT INTO "sites" VALUES ('223', 'developers.google.com', '1', null);
INSERT INTO "sites" VALUES ('270', 'wired.com', '1', null);
INSERT INTO "sites" VALUES ('166', 'csm.it', '1', null);
INSERT INTO "sites" VALUES ('167', 'whitehouse.gov', '1', null);
INSERT INTO "sites" VALUES ('271', 'news.com.au', '1', null);
INSERT INTO "sites" VALUES ('224', 'saadiqah.com', '1', null);
INSERT INTO "sites" VALUES ('168', 'bnpparibas.com', '1', null);
INSERT INTO "sites" VALUES ('169', 'rollingstone.com', '1', null);
INSERT INTO "sites" VALUES ('239', 'johnkalberer.com', '1', null);
INSERT INTO "sites" VALUES ('161', 'bluespark.com', '3', null);
INSERT INTO "sites" VALUES ('170', 'istos.it', '1', null);
INSERT INTO "sites" VALUES ('241', 'artefactgroup.com', '1', null);
INSERT INTO "sites" VALUES ('281', 'varsitytutors.com', '1', null);
INSERT INTO "sites" VALUES ('165', 'theage.com.au', '3', null);
INSERT INTO "sites" VALUES ('225', 'redarrowsoftware.com', '3', null);
INSERT INTO "sites" VALUES ('171', 'dir.bg', '1', null);
INSERT INTO "sites" VALUES ('173', 'case-inc.com', '1', null);
INSERT INTO "sites" VALUES ('174', 'distribuddy.de', '1', null);
INSERT INTO "sites" VALUES ('175', 'macaw.nl', '1', null);
INSERT INTO "sites" VALUES ('176', 'amadina.net', '1', null);
INSERT INTO "sites" VALUES ('226', 'dewandental.com', '1', null);
INSERT INTO "sites" VALUES ('242', 'pinterest.com', '1', null);
INSERT INTO "sites" VALUES ('272', 'imperial.ac.uk', '1', null);
INSERT INTO "sites" VALUES ('227', 'kotaku.com', '1', null);
INSERT INTO "sites" VALUES ('282', 'wargamerau.com', '1', null);
INSERT INTO "sites" VALUES ('228', 'atlassian.com', '1', null);
INSERT INTO "sites" VALUES ('229', 'parklet.co', '1', null);
INSERT INTO "sites" VALUES ('177', 'oracle.com', '1', null);
INSERT INTO "sites" VALUES ('256', 'geckogo.com', '1', null);
INSERT INTO "sites" VALUES ('257', 'cnn.co', '1', null);
INSERT INTO "sites" VALUES ('178', 'synygy.com', '1', null);
INSERT INTO "sites" VALUES ('179', 'placekitten.com', '1', null);
INSERT INTO "sites" VALUES ('230', 'tigsource.com', '1', null);
INSERT INTO "sites" VALUES ('163', 'jci.org', '9', null);
INSERT INTO "sites" VALUES ('258', 'thehackernews.com', '1', null);
INSERT INTO "sites" VALUES ('243', 'appriver.com', '1', null);
INSERT INTO "sites" VALUES ('259', 'theory.com', '1', null);
INSERT INTO "sites" VALUES ('180', 'cobalt.com', '3', null);
INSERT INTO "sites" VALUES ('283', 'nestoria.co.uk', '1', null);
INSERT INTO "sites" VALUES ('244', 'netregistry.com.au', '1', null);
INSERT INTO "sites" VALUES ('204', 'google.de', '5', null);
INSERT INTO "sites" VALUES ('245', 'nba.com', '1', null);
INSERT INTO "sites" VALUES ('181', 'chavaramatrimonial.com', '1', null);
INSERT INTO "sites" VALUES ('182', 'stichting-scn.nl', '1', null);
INSERT INTO "sites" VALUES ('273', 'hamburg.de', '1', null);
INSERT INTO "sites" VALUES ('231', 'spreecast.com', '1', null);
INSERT INTO "sites" VALUES ('260', 'loomischaffee.org', '1', null);
INSERT INTO "sites" VALUES ('246', 'riverviewhighthemusical.com', '1', null);
INSERT INTO "sites" VALUES ('183', 'cloudeeva.com', '1', null);
INSERT INTO "sites" VALUES ('232', 'frandias.com', '1', null);
INSERT INTO "sites" VALUES ('184', 'autoq.pl', '1', null);
INSERT INTO "sites" VALUES ('185', 'opensource.com', '1', null);
INSERT INTO "sites" VALUES ('186', 'engarte.com', '1', null);
INSERT INTO "sites" VALUES ('187', 'dn.se', '1', null);
INSERT INTO "sites" VALUES ('188', 'metric.io', '1', null);
INSERT INTO "sites" VALUES ('189', 'sverigedemokraterna.se', '1', null);
INSERT INTO "sites" VALUES ('190', 'ujam.com', '1', null);
INSERT INTO "sites" VALUES ('191', 'kingdomofloathing.com', '1', null);
INSERT INTO "sites" VALUES ('192', 'uu.se', '1', null);
INSERT INTO "sites" VALUES ('193', 'liu.se', '1', null);
INSERT INTO "sites" VALUES ('274', 'vierito.com', '1', null);
INSERT INTO "sites" VALUES ('194', 'philips.se', '1', null);
INSERT INTO "sites" VALUES ('195', 'petflow.com', '1', null);
INSERT INTO "sites" VALUES ('196', 'startuplouisville.com', '1', null);
INSERT INTO "sites" VALUES ('197', 'skitouren.ch', '1', null);
INSERT INTO "sites" VALUES ('233', 'amussey.com', '1', null);
INSERT INTO "sites" VALUES ('172', 'tumblr.com', '9', null);
INSERT INTO "sites" VALUES ('248', 'facens.br', '3', null);
INSERT INTO "sites" VALUES ('234', 'semrush.com', '1', null);
INSERT INTO "sites" VALUES ('199', 'ventureconnectors.org', '1', null);
INSERT INTO "sites" VALUES ('200', 'aftonbladet.se', '1', null);
INSERT INTO "sites" VALUES ('249', 'amazon.ca', '1', null);
INSERT INTO "sites" VALUES ('250', 'newtonpaiva.br', '1', null);
INSERT INTO "sites" VALUES ('201', 'sharecode.ir', '1', null);
INSERT INTO "sites" VALUES ('275', 'vierito.es', '1', null);
INSERT INTO "sites" VALUES ('202', 'codybonney.com', '1', null);
INSERT INTO "sites" VALUES ('251', 'globo.com', '1', null);
INSERT INTO "sites" VALUES ('252', 'zyzhitech.com', '1', null);
INSERT INTO "sites" VALUES ('203', 'freshbooks.com', '1', null);
INSERT INTO "sites" VALUES ('205', 'uweschmidt.org', '1', null);
INSERT INTO "sites" VALUES ('206', 'retentionscience.com', '1', null);
INSERT INTO "sites" VALUES ('207', 'pppl.gov', '1', null);
INSERT INTO "sites" VALUES ('208', 'espn.co', '1', null);
INSERT INTO "sites" VALUES ('209', 'espn.com', '1', null);
INSERT INTO "sites" VALUES ('235', 'a360.ru', '1', null);
INSERT INTO "sites" VALUES ('240', 'spiegel.de', '5', null);
INSERT INTO "sites" VALUES ('264', 'cmu.edu', '1', null);
INSERT INTO "sites" VALUES ('265', 'google.it', '1', null);
INSERT INTO "sites" VALUES ('247', 'atua.ag', '3', null);
INSERT INTO "sites" VALUES ('253', 'tsn.ca', '1', null);
INSERT INTO "sites" VALUES ('210', 'dftba.com', '1', null);
INSERT INTO "sites" VALUES ('211', 'bug.hr', '1', null);
INSERT INTO "sites" VALUES ('212', 'lykkan.com', '1', null);
INSERT INTO "sites" VALUES ('284', 'micheljansen.org', '1', null);
INSERT INTO "sites" VALUES ('261', 'yellowpencil.com', '3', null);
INSERT INTO "sites" VALUES ('215', '3dnews.ru', '1', null);
INSERT INTO "sites" VALUES ('254', 'pandodaily.com', '1', null);
INSERT INTO "sites" VALUES ('266', 'tmadesign.ca', '1', null);
INSERT INTO "sites" VALUES ('276', 'keonn.com', '1', null);
INSERT INTO "sites" VALUES ('263', 'foursum.com', '3', null);
INSERT INTO "sites" VALUES ('198', 'schooladmin.com', '277', null);
INSERT INTO "sites" VALUES ('286', 'takakuauto.com', '1', null);
INSERT INTO "sites" VALUES ('236', 'die-staemme.de', '1', null);
INSERT INTO "sites" VALUES ('237', 'de.twstats.com', '1', null);
INSERT INTO "sites" VALUES ('267', 'cynergi9.com', '1', null);
INSERT INTO "sites" VALUES ('160', 'boards.4chan.org', '13', null);
INSERT INTO "sites" VALUES ('277', 'popurls.com', '1', null);
INSERT INTO "sites" VALUES ('278', 'space.startuplatvia.co', '1', null);
INSERT INTO "sites" VALUES ('269', 'uni-hamburg.de', '1', null);
INSERT INTO "sites" VALUES ('268', 'osirisguitar.com', '5', null);
INSERT INTO "sites" VALUES ('287', 'takakiauto.com', '1', null);
INSERT INTO "sites" VALUES ('288', 'marketshare.com', '1', null);
INSERT INTO "sites" VALUES ('255', 'pwc.com', '3', null);
INSERT INTO "sites" VALUES ('280', 'elektrika.lv', '1', null);
INSERT INTO "sites" VALUES ('214', 'newegg.com', '3', null);
INSERT INTO "sites" VALUES ('289', 'pwc.ca', '1', null);
INSERT INTO "sites" VALUES ('292', 'hkjhkjh', '1', null);
INSERT INTO "sites" VALUES ('293', 'salta', '1', null);
INSERT INTO "sites" VALUES ('294', 'cyhwuhx.com', '1', null);
INSERT INTO "sites" VALUES ('295', 'sankakucomplex.com', '1', null);
INSERT INTO "sites" VALUES ('296', 'rosevillevw.com', '1', null);
INSERT INTO "sites" VALUES ('297', 'tocadoelfo.com.br', '1', null);
INSERT INTO "sites" VALUES ('299', 'aviso', '1', null);
INSERT INTO "sites" VALUES ('298', 'gawker.com', '3', null);
INSERT INTO "sites" VALUES ('300', 'avisocerto.com.br', '1', null);
INSERT INTO "sites" VALUES ('301', 'drivy.com', '1', null);
INSERT INTO "sites" VALUES ('302', 'letitcast.com', '1', null);
INSERT INTO "sites" VALUES ('303', 'jezebel.com', '1', null);
INSERT INTO "sites" VALUES ('304', 'hdm-stuttgart.de', '1', null);
INSERT INTO "sites" VALUES ('305', 'news.ycombinjatot.com', '1', null);
INSERT INTO "sites" VALUES ('306', 'fb.com', '1', null);
INSERT INTO "sites" VALUES ('279', 'apple.com', '17', null);
INSERT INTO "sites" VALUES ('307', 'dailymotion.com', '1', null);
INSERT INTO "sites" VALUES ('262', 'sfu.ca', '3', null);
INSERT INTO "sites" VALUES ('285', '9gag.com', '3', null);
INSERT INTO "sites" VALUES ('217', 'bing.com', '5', null);
INSERT INTO "sites" VALUES ('162', 'the-asci.org', '3', null);
INSERT INTO "sites" VALUES ('291', 'amersfoort.d66.nl', '3', null);
INSERT INTO "sites" VALUES ('213', 'ebay.com', '3', null);
INSERT INTO "sites" VALUES ('290', 'dogefyit.com', '3', null);
INSERT INTO "sites" VALUES ('308', 'sexypluc.com', '1', null);
INSERT INTO "sites" VALUES ('309', 'cbc.ca', '1', null);
INSERT INTO "sites" VALUES ('310', 'dogeweather.com', '1', null);
INSERT INTO "sites" VALUES ('411', 'retirement.ir', '1', null);
INSERT INTO "sites" VALUES ('360', 'rylanbowers.com', '1', null);
INSERT INTO "sites" VALUES ('311', 'google.com.br', '1', null);
INSERT INTO "sites" VALUES ('361', 'secondfunnel.com', '1', null);
INSERT INTO "sites" VALUES ('423', 'robinpeeples.com', '1', null);
INSERT INTO "sites" VALUES ('362', 'rebeccabai.com', '1', null);
INSERT INTO "sites" VALUES ('312', 'dogecoin.com', '1', null);
INSERT INTO "sites" VALUES ('386', 'shahbazi.org', '3', null);
INSERT INTO "sites" VALUES ('313', 'facebook.pl', '1', null);
INSERT INTO "sites" VALUES ('314', 'fivefive.ca', '1', null);
INSERT INTO "sites" VALUES ('315', 'theb0ardside.com', '1', null);
INSERT INTO "sites" VALUES ('413', 'codeisjoy.com', '1', null);
INSERT INTO "sites" VALUES ('316', 'docs.google.com', '1', null);
INSERT INTO "sites" VALUES ('317', 'benlast.com', '1', null);
INSERT INTO "sites" VALUES ('363', 'wip.org', '1', null);
INSERT INTO "sites" VALUES ('387', 'findmerecipe.com', '1', null);
INSERT INTO "sites" VALUES ('318', 'cheezburger.com', '1', null);
INSERT INTO "sites" VALUES ('319', 'vpro.nl', '1', null);
INSERT INTO "sites" VALUES ('320', 'netcitadel.com', '1', null);
INSERT INTO "sites" VALUES ('321', 'nest.com', '1', null);
INSERT INTO "sites" VALUES ('388', 'beeptunes.com', '1', null);
INSERT INTO "sites" VALUES ('389', 'ubanquity.com', '1', null);
INSERT INTO "sites" VALUES ('364', 'bumnleandbumble.com', '1', null);
INSERT INTO "sites" VALUES ('323', 'youtube.con', '1', null);
INSERT INTO "sites" VALUES ('324', 'msmirnova.ca', '3', null);
INSERT INTO "sites" VALUES ('365', 'bumbleandbumble.com', '3', null);
INSERT INTO "sites" VALUES ('366', 'is.', '1', null);
INSERT INTO "sites" VALUES ('424', 'golem.de', '1', null);
INSERT INTO "sites" VALUES ('390', 'paspars.com', '3', null);
INSERT INTO "sites" VALUES ('441', 'hbx.ir', '1', null);
INSERT INTO "sites" VALUES ('325', 'endi.com', '1', null);
INSERT INTO "sites" VALUES ('326', 'ideacouture.com', '1', null);
INSERT INTO "sites" VALUES ('391', 'ageeknotes-com', '3', null);
INSERT INTO "sites" VALUES ('367', 'imgur.com.dogeify.org', '1', null);
INSERT INTO "sites" VALUES ('440', 'doxo.com', '3', null);
INSERT INTO "sites" VALUES ('374', 'narenji.ir', '81', null);
INSERT INTO "sites" VALUES ('327', 'znmeb.github.io', '1', null);
INSERT INTO "sites" VALUES ('328', 'despegar.com', '1', null);
INSERT INTO "sites" VALUES ('368', 'stacywebb.com', '1', null);
INSERT INTO "sites" VALUES ('392', 'mahdix.co', '1', null);
INSERT INTO "sites" VALUES ('330', 'omgubuntu.co.uk', '1', null);
INSERT INTO "sites" VALUES ('331', 'google.com.au', '1', null);
INSERT INTO "sites" VALUES ('332', 'googhttps', '1', null);
INSERT INTO "sites" VALUES ('333', 'liberal.org.au', '1', null);
INSERT INTO "sites" VALUES ('393', 'ageeknotes.com', '1', null);
INSERT INTO "sites" VALUES ('334', 'my1040pr.com', '1', null);
INSERT INTO "sites" VALUES ('350', 'abc.net.au', '3', null);
INSERT INTO "sites" VALUES ('371', 'jadi.net', '39', null);
INSERT INTO "sites" VALUES ('335', 'livelovely.com', '1', null);
INSERT INTO "sites" VALUES ('336', 'amatiasq.com', '1', null);
INSERT INTO "sites" VALUES ('337', 'smh.com.au', '1', null);
INSERT INTO "sites" VALUES ('338', 'dangerisgo.com', '1', null);
INSERT INTO "sites" VALUES ('369', 'pokemon.com', '1', null);
INSERT INTO "sites" VALUES ('370', 'xenophase.net', '1', null);
INSERT INTO "sites" VALUES ('339', 'myob.com', '1', null);
INSERT INTO "sites" VALUES ('340', 'aamc.org', '1', null);
INSERT INTO "sites" VALUES ('395', 'jobme.ir', '1', null);
INSERT INTO "sites" VALUES ('341', 'mailbait.info', '1', null);
INSERT INTO "sites" VALUES ('343', 'cornservatory.org', '1', null);
INSERT INTO "sites" VALUES ('396', 'vancouversun.com', '1', null);
INSERT INTO "sites" VALUES ('344', 'dangerousminds.net', '3', null);
INSERT INTO "sites" VALUES ('373', 'dilbert.com', '1', null);
INSERT INTO "sites" VALUES ('397', 'yazdkhodro.ir', '1', null);
INSERT INTO "sites" VALUES ('372', '1pezeshk.com', '13', null);
INSERT INTO "sites" VALUES ('345', 'writerswrite.co.za', '1', null);
INSERT INTO "sites" VALUES ('346', 'foxsports.com.au', '1', null);
INSERT INTO "sites" VALUES ('347', 'wundering.com', '1', null);
INSERT INTO "sites" VALUES ('348', 'petrounias.org', '1', null);
INSERT INTO "sites" VALUES ('349', 'mynameischesto.com', '1', null);
INSERT INTO "sites" VALUES ('432', 'canadainternational.gc.ca', '1', null);
INSERT INTO "sites" VALUES ('351', 'custombusinesssoftwareltd.com', '1', null);
INSERT INTO "sites" VALUES ('352', 'monroviavisitorsmap.com', '1', null);
INSERT INTO "sites" VALUES ('375', 'parsboschung.com', '1', null);
INSERT INTO "sites" VALUES ('433', 'entekhab.ir', '1', null);
INSERT INTO "sites" VALUES ('376', 'narengi.ir', '1', null);
INSERT INTO "sites" VALUES ('378', 'imami.net', '1', null);
INSERT INTO "sites" VALUES ('353', 'tppinternet.net.au', '1', null);
INSERT INTO "sites" VALUES ('401', 'mquotient.net', '1', null);
INSERT INTO "sites" VALUES ('402', 'ece.lehigh.edu', '1', null);
INSERT INTO "sites" VALUES ('398', 'khamenei.ir', '29', null);
INSERT INTO "sites" VALUES ('415', 'turkcell.com.tr', '5', null);
INSERT INTO "sites" VALUES ('377', 'intangent.ca', '3', null);
INSERT INTO "sites" VALUES ('379', 'piaderou.com', '1', null);
INSERT INTO "sites" VALUES ('380', 'iinet.net.au', '1', null);
INSERT INTO "sites" VALUES ('403', 'infiniconception.com', '1', null);
INSERT INTO "sites" VALUES ('354', 'psa2.kuciv.kyoto-u.ac.jp', '3', null);
INSERT INTO "sites" VALUES ('355', 'strikingly.com', '1', null);
INSERT INTO "sites" VALUES ('356', 'instagram.com', '1', null);
INSERT INTO "sites" VALUES ('404', 'tooptarinha.com', '1', null);
INSERT INTO "sites" VALUES ('405', 'tooptarinha.ir', '1', null);
INSERT INTO "sites" VALUES ('381', 'ojobeh.com', '1', null);
INSERT INTO "sites" VALUES ('382', 'hacoupian.net', '1', null);
INSERT INTO "sites" VALUES ('383', 'translate.google.com', '1', null);
INSERT INTO "sites" VALUES ('357', 'sott.net', '1', null);
INSERT INTO "sites" VALUES ('434', 'tonbobio.com', '1', null);
INSERT INTO "sites" VALUES ('359', 'kaskus.co.id', '1', null);
INSERT INTO "sites" VALUES ('384', 'descuentocity.com', '1', null);
INSERT INTO "sites" VALUES ('385', 'estahc.tumblr.com', '1', null);
INSERT INTO "sites" VALUES ('342', 'facebook', '7', null);
INSERT INTO "sites" VALUES ('436', 'rsdn.ru', '1', null);
INSERT INTO "sites" VALUES ('416', 'saeedsun.ir', '3', null);
INSERT INTO "sites" VALUES ('406', 'nrc.nl', '1', null);
INSERT INTO "sites" VALUES ('417', 'fareastdarts.com', '1', null);
INSERT INTO "sites" VALUES ('418', '24ur.com', '1', null);
INSERT INTO "sites" VALUES ('419', 'furaffinity.net', '1', null);
INSERT INTO "sites" VALUES ('420', 'chingay.org.sg', '1', null);
INSERT INTO "sites" VALUES ('407', 'ma3x.ir', '1', null);
INSERT INTO "sites" VALUES ('408', 'shoryuken.com', '1', null);
INSERT INTO "sites" VALUES ('427', 'mastaneh.ir', '3', null);
INSERT INTO "sites" VALUES ('428', 'gamasutra.com', '1', null);
INSERT INTO "sites" VALUES ('409', 'k-ve.com', '1', null);
INSERT INTO "sites" VALUES ('435', 'pitchfork.com', '5', null);
INSERT INTO "sites" VALUES ('421', 'ovh.com', '1', null);
INSERT INTO "sites" VALUES ('422', 'kave.asia', '1', null);
INSERT INTO "sites" VALUES ('429', 'tahayori.com', '1', null);
INSERT INTO "sites" VALUES ('430', 'hungerstation.com', '1', null);
INSERT INTO "sites" VALUES ('431', 'hawkcompany.ir', '1', null);
INSERT INTO "sites" VALUES ('437', 'yandex.ru', '1', null);
INSERT INTO "sites" VALUES ('438', '2ch.hk', '1', null);
INSERT INTO "sites" VALUES ('414', 'balatarin.com', '9', null);
INSERT INTO "sites" VALUES ('439', 'wp.pl', '1', null);
INSERT INTO "sites" VALUES ('442', 'kerman118.com', '1', null);
INSERT INTO "sites" VALUES ('443', 'google.ro', '1', null);
INSERT INTO "sites" VALUES ('444', 'chezmermer.com', '1', null);
INSERT INTO "sites" VALUES ('445', 'parsdata.com', '1', null);
INSERT INTO "sites" VALUES ('446', 'partnersuche.de', '1', null);
INSERT INTO "sites" VALUES ('447', 'worldoflyrics.tk', '1', null);
INSERT INTO "sites" VALUES ('448', 'mail.yahoo.com', '1', null);
INSERT INTO "sites" VALUES ('449', 'gamefaqs.com', '1', null);
INSERT INTO "sites" VALUES ('450', 'johnroliver.com', '1', null);
INSERT INTO "sites" VALUES ('451', 'cvigano.de', '1', null);
INSERT INTO "sites" VALUES ('453', 'go.canaldigital.no', '1', null);
INSERT INTO "sites" VALUES ('454', 'because.tv', '1', null);
INSERT INTO "sites" VALUES ('452', 'yjc.ir', '5', null);
INSERT INTO "sites" VALUES ('456', 'sysban.ir', '1', null);
INSERT INTO "sites" VALUES ('358', 'lukas2511.de', '3', null);
INSERT INTO "sites" VALUES ('455', 'bengler.no', '3', null);
INSERT INTO "sites" VALUES ('425', 'farsi.khamenei.ir', '7', null);
INSERT INTO "sites" VALUES ('400', 'varzesh3.com', '5', null);
INSERT INTO "sites" VALUES ('410', 'isna.ir', '3', null);
INSERT INTO "sites" VALUES ('412', 'tabnak.ir', '5', null);
INSERT INTO "sites" VALUES ('322', 'buzzfeed.com', '3', null);
INSERT INTO "sites" VALUES ('399', 'digikala.com', '3', null);
INSERT INTO "sites" VALUES ('329', 'imdb.com', '3', null);
INSERT INTO "sites" VALUES ('426', 'zoomit.ir', '3', null);
INSERT INTO "sites" VALUES ('394', 'zhig.ir', '3', null);
INSERT INTO "sites" VALUES ('541', 'cracked.com', '1', null);
INSERT INTO "sites" VALUES ('457', 'aftenposten.no', '1', null);
INSERT INTO "sites" VALUES ('568', 'narenji', '1', null);
INSERT INTO "sites" VALUES ('569', 'inoreader.com', '1', null);
INSERT INTO "sites" VALUES ('458', 'm1lad.ir', '1', null);
INSERT INTO "sites" VALUES ('459', 'asaviz.ir', '1', null);
INSERT INTO "sites" VALUES ('460', 'alexandregalinier.com', '1', null);
INSERT INTO "sites" VALUES ('461', 'destrat1.tk', '1', null);
INSERT INTO "sites" VALUES ('462', 'octalmind.com', '1', null);
INSERT INTO "sites" VALUES ('463', 'farz', '1', null);
INSERT INTO "sites" VALUES ('464', 'prometil.com', '1', null);
INSERT INTO "sites" VALUES ('465', 'farzad.id.ir', '1', null);
INSERT INTO "sites" VALUES ('466', 'nikravesha.blogfa.com', '1', null);
INSERT INTO "sites" VALUES ('467', 'ibvpn.com', '1', null);
INSERT INTO "sites" VALUES ('468', 'unixmen.ir', '1', null);
INSERT INTO "sites" VALUES ('470', 'key.tec.de', '1', null);
INSERT INTO "sites" VALUES ('587', 'ce.guilan.ac.ir', '1', null);
INSERT INTO "sites" VALUES ('471', 'ab.isfpnu.ac.ir', '1', null);
INSERT INTO "sites" VALUES ('472', 'shopfa.com', '1', null);
INSERT INTO "sites" VALUES ('474', 'sol.cs.hm.edu', '1', null);
INSERT INTO "sites" VALUES ('475', 'dotnettips.info', '1', null);
INSERT INTO "sites" VALUES ('477', 'khorooskhoon.com', '1', null);
INSERT INTO "sites" VALUES ('478', 'fa.wordpress.com', '1', null);
INSERT INTO "sites" VALUES ('479', 'timcheonline.com', '1', null);
INSERT INTO "sites" VALUES ('542', 'kraken-project.tk', '1', null);
INSERT INTO "sites" VALUES ('570', 'voapnn.com', '1', null);
INSERT INTO "sites" VALUES ('480', 'abehayat.ir', '1', null);
INSERT INTO "sites" VALUES ('481', 'licence.mihanblog.com', '1', null);
INSERT INTO "sites" VALUES ('482', 'thisisaproject.com', '1', null);
INSERT INTO "sites" VALUES ('543', 'khabaronline.ir', '5', null);
INSERT INTO "sites" VALUES ('483', 'pornhub.com', '5', null);
INSERT INTO "sites" VALUES ('484', 'narenji.com', '3', null);
INSERT INTO "sites" VALUES ('560', 'combax.takbb.com', '11', null);
INSERT INTO "sites" VALUES ('579', 'blackmountainsole.org', '1', null);
INSERT INTO "sites" VALUES ('580', 'projectwosho.com', '1', null);
INSERT INTO "sites" VALUES ('469', 'toranj1144.blogfa.com', '5', null);
INSERT INTO "sites" VALUES ('485', 'me2me.blogfa.com', '1', null);
INSERT INTO "sites" VALUES ('486', 'din1343.blogfa.com', '1', null);
INSERT INTO "sites" VALUES ('487', 'moomookhi.blogfa.com', '1', null);
INSERT INTO "sites" VALUES ('488', 'mgomshodeh.persianblog.ir', '1', null);
INSERT INTO "sites" VALUES ('490', 'zire-asemane-bidgol.blogfa.com', '1', null);
INSERT INTO "sites" VALUES ('545', 'ircmett.de', '1', null);
INSERT INTO "sites" VALUES ('491', 'markhamilton.info', '1', null);
INSERT INTO "sites" VALUES ('492', 'dotamin.ir', '1', null);
INSERT INTO "sites" VALUES ('526', 'bbcpersian.com', '25', null);
INSERT INTO "sites" VALUES ('546', 'fortiusapp.com.br', '1', null);
INSERT INTO "sites" VALUES ('494', 'gecod.com', '1', null);
INSERT INTO "sites" VALUES ('547', 'bpi.ir', '1', null);
INSERT INTO "sites" VALUES ('571', 'labyl.com', '1', null);
INSERT INTO "sites" VALUES ('495', 'kateban.com', '1', null);
INSERT INTO "sites" VALUES ('496', 'splendia.com', '1', null);
INSERT INTO "sites" VALUES ('572', 'doodinghouse.com', '1', null);
INSERT INTO "sites" VALUES ('548', 'rxy.ir', '1', null);
INSERT INTO "sites" VALUES ('549', 'azadnegar.com', '1', null);
INSERT INTO "sites" VALUES ('497', 'zeit.de', '3', null);
INSERT INTO "sites" VALUES ('498', 'mashhad.ir', '1', null);
INSERT INTO "sites" VALUES ('499', 'dottorblaster.it', '1', null);
INSERT INTO "sites" VALUES ('573', 'p30download.com', '1', null);
INSERT INTO "sites" VALUES ('588', 'amozesh.guilan.ac.ir', '3', null);
INSERT INTO "sites" VALUES ('501', 'novelvpn.com', '1', null);
INSERT INTO "sites" VALUES ('502', 'doctorgermany.blogfa.com', '1', null);
INSERT INTO "sites" VALUES ('503', 'rd.samsung.pl', '1', null);
INSERT INTO "sites" VALUES ('504', 'warchild.com', '1', null);
INSERT INTO "sites" VALUES ('505', 'rtl.nl', '1', null);
INSERT INTO "sites" VALUES ('506', 'stansmith.co.za', '1', null);
INSERT INTO "sites" VALUES ('507', 'sina.salek.ws', '1', null);
INSERT INTO "sites" VALUES ('508', 'isobar.co.za', '1', null);
INSERT INTO "sites" VALUES ('509', 'dehghannasiri.ir', '1', null);
INSERT INTO "sites" VALUES ('550', 'osyan.net', '1', null);
INSERT INTO "sites" VALUES ('510', 'joemisika.com', '1', null);
INSERT INTO "sites" VALUES ('511', 'mg.co.za', '1', null);
INSERT INTO "sites" VALUES ('513', 'itnameh.ir', '1', null);
INSERT INTO "sites" VALUES ('581', 'heller-julia.de', '1', null);
INSERT INTO "sites" VALUES ('512', 'rebeloyster.com', '3', null);
INSERT INTO "sites" VALUES ('514', 'souitom.org', '1', null);
INSERT INTO "sites" VALUES ('515', 'tmsdx.ir', '1', null);
INSERT INTO "sites" VALUES ('516', 'nu.nl', '1', null);
INSERT INTO "sites" VALUES ('582', 'lia.gasher.org', '1', null);
INSERT INTO "sites" VALUES ('552', 'letvc.com', '1', null);
INSERT INTO "sites" VALUES ('553', 'naernji.ir', '1', null);
INSERT INTO "sites" VALUES ('554', 'naranji.ir', '1', null);
INSERT INTO "sites" VALUES ('517', 'hellocomputer.com', '1', null);
INSERT INTO "sites" VALUES ('518', 'open-mind.ir', '1', null);
INSERT INTO "sites" VALUES ('519', 'mhmk.ir', '1', null);
INSERT INTO "sites" VALUES ('555', 'gameemag.ir', '1', null);
INSERT INTO "sites" VALUES ('556', 'mugham-pub.com', '1', null);
INSERT INTO "sites" VALUES ('575', 'grc.com', '1', null);
INSERT INTO "sites" VALUES ('557', 'mmostafaei.ir', '1', null);
INSERT INTO "sites" VALUES ('493', 'leader.ir', '13', null);
INSERT INTO "sites" VALUES ('522', 'venda.com', '1', null);
INSERT INTO "sites" VALUES ('524', 'aboutme.it', '1', null);
INSERT INTO "sites" VALUES ('525', 'jadi', '1', null);
INSERT INTO "sites" VALUES ('527', 'xwiki.com', '1', null);
INSERT INTO "sites" VALUES ('528', 'hotnews.ro', '1', null);
INSERT INTO "sites" VALUES ('529', 'ieeexplore.ieee.org', '1', null);
INSERT INTO "sites" VALUES ('530', 'langhe.net', '1', null);
INSERT INTO "sites" VALUES ('531', 'isitbeeroclock.com', '1', null);
INSERT INTO "sites" VALUES ('558', 'irancell.ir', '1', null);
INSERT INTO "sites" VALUES ('523', 'vince.com', '3', null);
INSERT INTO "sites" VALUES ('532', 'themetstore.uat.venda.com', '1', null);
INSERT INTO "sites" VALUES ('533', 'sharedesk.net', '1', null);
INSERT INTO "sites" VALUES ('534', 'arsenal.com', '1', null);
INSERT INTO "sites" VALUES ('559', 'alimorakabi.com', '1', null);
INSERT INTO "sites" VALUES ('535', 'zovi.com', '1', null);
INSERT INTO "sites" VALUES ('536', 'panevis.com', '1', null);
INSERT INTO "sites" VALUES ('537', 'p', '1', null);
INSERT INTO "sites" VALUES ('561', 'lanacion.com', '1', null);
INSERT INTO "sites" VALUES ('583', 'fire-gate.blogspot.com', '1', null);
INSERT INTO "sites" VALUES ('539', 'matthieucardinaux.fr', '1', null);
INSERT INTO "sites" VALUES ('562', 'pagina12.com.ar', '1', null);
INSERT INTO "sites" VALUES ('563', 'clarin.com', '1', null);
INSERT INTO "sites" VALUES ('574', 'salamatnews.com', '3', null);
INSERT INTO "sites" VALUES ('521', 'farsnews.com', '9', null);
INSERT INTO "sites" VALUES ('565', 'daneshvar.ir', '1', null);
INSERT INTO "sites" VALUES ('566', 'webblogfarsi.com', '1', null);
INSERT INTO "sites" VALUES ('567', 'vailplace.org', '1', null);
INSERT INTO "sites" VALUES ('576', 'zigur.com', '1', null);
INSERT INTO "sites" VALUES ('584', 'portafolio.pupilaestudio.com', '1', null);
INSERT INTO "sites" VALUES ('577', 'walledcity.com', '1', null);
INSERT INTO "sites" VALUES ('578', 'soc1.ir', '1', null);
INSERT INTO "sites" VALUES ('585', 'zabangozar.ir', '1', null);
INSERT INTO "sites" VALUES ('586', 'compu3ha.ir', '1', null);
INSERT INTO "sites" VALUES ('589', 'eandc.blogfa.com', '3', null);
INSERT INTO "sites" VALUES ('591', 'asredena.com', '1', null);
INSERT INTO "sites" VALUES ('592', 'abadi-kh.ir', '1', null);
INSERT INTO "sites" VALUES ('594', '0web.ir', '1', null);
INSERT INTO "sites" VALUES ('595', 'differential.io', '1', null);
INSERT INTO "sites" VALUES ('596', 'salso.ir', '1', null);
INSERT INTO "sites" VALUES ('597', 'avidweb.ir', '1', null);
INSERT INTO "sites" VALUES ('598', 'm.bbc.co.uk', '1', null);
INSERT INTO "sites" VALUES ('600', 'dpnano.com', '1', null);
INSERT INTO "sites" VALUES ('599', 'toshiba.eu', '3', null);
INSERT INTO "sites" VALUES ('601', 'mirzabad.com', '1', null);
INSERT INTO "sites" VALUES ('602', 'solminor.mihanblog.com', '1', null);
INSERT INTO "sites" VALUES ('604', 'hello', '1', null);
INSERT INTO "sites" VALUES ('593', 'forum.98ia.com', '3', null);
INSERT INTO "sites" VALUES ('605', 'eleceng.ir', '1', null);
INSERT INTO "sites" VALUES ('544', 'farsnews.ir', '5', null);
INSERT INTO "sites" VALUES ('590', 'eandc.mihanblog.com', '3', null);
INSERT INTO "sites" VALUES ('564', 'radiofarda.com', '3', null);
INSERT INTO "sites" VALUES ('603', 'ui.ac.ir', '5', null);
INSERT INTO "sites" VALUES ('473', 'peyvandha.ir', '3', null);
INSERT INTO "sites" VALUES ('538', 'payamno.com', '3', null);
INSERT INTO "sites" VALUES ('476', 'stsarbandi.ir', '3', null);
INSERT INTO "sites" VALUES ('489', 'xvideos.com', '3', null);
INSERT INTO "sites" VALUES ('520', 'wikiseda.org', '3', null);
INSERT INTO "sites" VALUES ('500', 'redtube.com', '3', null);
INSERT INTO "sites" VALUES ('540', 'xnxx.com', '3', null);
INSERT INTO "sites" VALUES ('551', 'linvo.com', '3', null);
INSERT INTO "sites" VALUES ('724', 'farasun.net', '1', null);
INSERT INTO "sites" VALUES ('607', 'extrememodify.com', '1', null);
INSERT INTO "sites" VALUES ('739', 'iseikco.com', '1', null);
INSERT INTO "sites" VALUES ('609', 'uleth.ca', '1', null);
INSERT INTO "sites" VALUES ('610', 'lucrazon.com', '1', null);
INSERT INTO "sites" VALUES ('611', 'reddit', '1', null);
INSERT INTO "sites" VALUES ('612', 'hivemined.ir', '1', null);
INSERT INTO "sites" VALUES ('613', 'doctorwho.tv', '1', null);
INSERT INTO "sites" VALUES ('614', 'billiepiperofficial.com', '1', null);
INSERT INTO "sites" VALUES ('615', 'mediavida.com', '1', null);
INSERT INTO "sites" VALUES ('616', 'bafghfarda.com', '1', null);
INSERT INTO "sites" VALUES ('617', 'macrium.com', '1', null);
INSERT INTO "sites" VALUES ('618', 'ut.ac.ir', '1', null);
INSERT INTO "sites" VALUES ('619', 'gravytrain.ca', '1', null);
INSERT INTO "sites" VALUES ('620', 'fgfgg.bg', '1', null);
INSERT INTO "sites" VALUES ('621', 'abv.bg', '1', null);
INSERT INTO "sites" VALUES ('691', 'soldaa.com', '5', null);
INSERT INTO "sites" VALUES ('622', 'cryptome.org', '3', null);
INSERT INTO "sites" VALUES ('623', 'vesti.bg', '1', null);
INSERT INTO "sites" VALUES ('725', 'masoudz.com', '1', null);
INSERT INTO "sites" VALUES ('606', 'nerdreactor.com', '9', null);
INSERT INTO "sites" VALUES ('624', 'lpln.ir', '1', null);
INSERT INTO "sites" VALUES ('625', 'bidari-andishe.ir', '1', null);
INSERT INTO "sites" VALUES ('627', 'takpix.com', '1', null);
INSERT INTO "sites" VALUES ('709', 'wonderzine.com', '3', null);
INSERT INTO "sites" VALUES ('608', 'faramodel.ir', '3', null);
INSERT INTO "sites" VALUES ('628', 'combax.takkbb.com', '1', null);
INSERT INTO "sites" VALUES ('629', 'anjapircher.com', '1', null);
INSERT INTO "sites" VALUES ('630', 'ptisp.pt', '1', null);
INSERT INTO "sites" VALUES ('631', 'razi.ac.ir', '1', null);
INSERT INTO "sites" VALUES ('633', 'murraystate.edu', '1', null);
INSERT INTO "sites" VALUES ('634', 'giantbomb.com', '1', null);
INSERT INTO "sites" VALUES ('635', 'mrc-cbu.cam.ac.uk', '1', null);
INSERT INTO "sites" VALUES ('636', 'ferfereh.ir', '1', null);
INSERT INTO "sites" VALUES ('637', 'rahesabz.net', '1', null);
INSERT INTO "sites" VALUES ('638', 'google.', '1', null);
INSERT INTO "sites" VALUES ('736', 'quickenloans.com', '3', null);
INSERT INTO "sites" VALUES ('639', 'icoff.ee', '3', null);
INSERT INTO "sites" VALUES ('640', 'goal.com', '1', null);
INSERT INTO "sites" VALUES ('641', 'efc.ac.ir', '1', null);
INSERT INTO "sites" VALUES ('642', 'jamasoftware.com', '1', null);
INSERT INTO "sites" VALUES ('644', 'eurosport.com', '1', null);
INSERT INTO "sites" VALUES ('645', 'masonm.org', '1', null);
INSERT INTO "sites" VALUES ('646', 'amazon.com', '1', null);
INSERT INTO "sites" VALUES ('647', 'hoomand.com', '1', null);
INSERT INTO "sites" VALUES ('648', 'ariyaei.com', '1', null);
INSERT INTO "sites" VALUES ('649', 'azmanidesign.co', '1', null);
INSERT INTO "sites" VALUES ('650', 'blog.benyam.in', '1', null);
INSERT INTO "sites" VALUES ('651', 'notebooksbilliger.de', '1', null);
INSERT INTO "sites" VALUES ('652', 'watchever.de', '1', null);
INSERT INTO "sites" VALUES ('653', 'luigipirandello.de', '1', null);
INSERT INTO "sites" VALUES ('654', 'hotel-pirandello.de', '1', null);
INSERT INTO "sites" VALUES ('655', 'ikaragah.com', '1', null);
INSERT INTO "sites" VALUES ('656', 'huangxinjie.com', '1', null);
INSERT INTO "sites" VALUES ('657', 'amberarcades.com', '1', null);
INSERT INTO "sites" VALUES ('658', 'friendfeed.com', '1', null);
INSERT INTO "sites" VALUES ('659', 'rokesh.ir', '1', null);
INSERT INTO "sites" VALUES ('660', 'friendfeed.', '1', null);
INSERT INTO "sites" VALUES ('661', 'mgr-mhx.blogfa.com', '1', null);
INSERT INTO "sites" VALUES ('662', 'omran-mb.com', '1', null);
INSERT INTO "sites" VALUES ('708', 'lookatme.ru', '13', null);
INSERT INTO "sites" VALUES ('663', 'appstyx.com', '3', null);
INSERT INTO "sites" VALUES ('664', 'verdantdeer.tumblr.com', '1', null);
INSERT INTO "sites" VALUES ('665', 'ariapm.ir', '1', null);
INSERT INTO "sites" VALUES ('666', 'estherkimchi.blogspot.com', '1', null);
INSERT INTO "sites" VALUES ('667', 'ariapanel.ir', '1', null);
INSERT INTO "sites" VALUES ('668', 'shaparakkb.ir', '1', null);
INSERT INTO "sites" VALUES ('669', 'alldeals.groupon.my', '1', null);
INSERT INTO "sites" VALUES ('670', 'youtoube.com', '1', null);
INSERT INTO "sites" VALUES ('671', 'degeityit.com', '1', null);
INSERT INTO "sites" VALUES ('710', 'localhost', '1', null);
INSERT INTO "sites" VALUES ('672', 'coursera.org', '3', null);
INSERT INTO "sites" VALUES ('673', 'poliroots.com', '1', null);
INSERT INTO "sites" VALUES ('674', 'boolt.in', '1', null);
INSERT INTO "sites" VALUES ('675', 'obieepedia.wordpress.com', '1', null);
INSERT INTO "sites" VALUES ('676', 'hot.com', '1', null);
INSERT INTO "sites" VALUES ('677', 'writelinux.ir', '1', null);
INSERT INTO "sites" VALUES ('678', 'harajkadeh.com', '1', null);
INSERT INTO "sites" VALUES ('711', 'cesterimpresa.it', '1', null);
INSERT INTO "sites" VALUES ('679', 'interlinkone.com', '3', null);
INSERT INTO "sites" VALUES ('680', 'growsocially.com', '1', null);
INSERT INTO "sites" VALUES ('681', 'ganja2music235.com', '1', null);
INSERT INTO "sites" VALUES ('682', 'fa.news.joopea.com', '1', null);
INSERT INTO "sites" VALUES ('683', 'utm.my', '3', null);
INSERT INTO "sites" VALUES ('684', 'ssl.in4m.eu', '1', null);
INSERT INTO "sites" VALUES ('685', 'bronies.de', '1', null);
INSERT INTO "sites" VALUES ('686', 'help.schooladmin.com', '1', null);
INSERT INTO "sites" VALUES ('687', 'uesz.ir', '1', null);
INSERT INTO "sites" VALUES ('688', 'caseywstark.com', '1', null);
INSERT INTO "sites" VALUES ('689', 'arxiv.org', '1', null);
INSERT INTO "sites" VALUES ('713', 'mehrnews.com', '1', null);
INSERT INTO "sites" VALUES ('643', 'google', '11', null);
INSERT INTO "sites" VALUES ('712', 'fararu.com', '5', null);
INSERT INTO "sites" VALUES ('714', 'pcbheaven.com', '1', null);
INSERT INTO "sites" VALUES ('715', 'rango.ir', '1', null);
INSERT INTO "sites" VALUES ('690', 'ppars.ir', '7', null);
INSERT INTO "sites" VALUES ('692', 'lifebits.archiware.ir', '1', null);
INSERT INTO "sites" VALUES ('693', 'joomplate.ir', '1', null);
INSERT INTO "sites" VALUES ('694', 'nevisane.com', '1', null);
INSERT INTO "sites" VALUES ('695', 'jci.org.dogeify.org', '1', null);
INSERT INTO "sites" VALUES ('696', '4chan.org', '1', null);
INSERT INTO "sites" VALUES ('697', 'hopkinswilliams.com', '1', null);
INSERT INTO "sites" VALUES ('698', 'google.co.uk', '1', null);
INSERT INTO "sites" VALUES ('699', 'uili.ir', '1', null);
INSERT INTO "sites" VALUES ('700', 'littlephotographs.com', '1', null);
INSERT INTO "sites" VALUES ('701', 'dhmholley.co.uk', '1', null);
INSERT INTO "sites" VALUES ('702', 'joshteeter.com', '1', null);
INSERT INTO "sites" VALUES ('703', 'melmi.ir', '1', null);
INSERT INTO "sites" VALUES ('726', 'fuckingyoung.es', '1', null);
INSERT INTO "sites" VALUES ('705', '01smile.com', '1', null);
INSERT INTO "sites" VALUES ('716', 'narrnji.ir', '3', null);
INSERT INTO "sites" VALUES ('704', 'sar-resid.ir', '5', null);
INSERT INTO "sites" VALUES ('706', 'byng-systems.com', '1', null);
INSERT INTO "sites" VALUES ('707', 'getsavvy.com', '1', null);
INSERT INTO "sites" VALUES ('717', 'linuxf.org', '1', null);
INSERT INTO "sites" VALUES ('718', 'linuxfr.org', '1', null);
INSERT INTO "sites" VALUES ('730', 'golestan.ui.ac.ir', '3', null);
INSERT INTO "sites" VALUES ('719', '3pic.com', '1', null);
INSERT INTO "sites" VALUES ('727', 'my-view.net', '3', null);
INSERT INTO "sites" VALUES ('731', 'sostech.ir', '1', null);
INSERT INTO "sites" VALUES ('732', 'google.net', '1', null);
INSERT INTO "sites" VALUES ('626', 'shahvani.com', '3', null);
INSERT INTO "sites" VALUES ('720', 'ppc4you.com', '1', null);
INSERT INTO "sites" VALUES ('721', 'firoozgoharblog.persianblog.ir', '1', null);
INSERT INTO "sites" VALUES ('722', 'bootsoft.com', '1', null);
INSERT INTO "sites" VALUES ('723', 'fbstatus.mihanblog.com', '1', null);
INSERT INTO "sites" VALUES ('737', 'learn2grow.com', '1', null);
INSERT INTO "sites" VALUES ('733', 'tanin.net', '1', null);
INSERT INTO "sites" VALUES ('728', 'way2pay.ir', '3', null);
INSERT INTO "sites" VALUES ('729', '1farakav.com', '1', null);
INSERT INTO "sites" VALUES ('734', 'snbp.ir', '1', null);
INSERT INTO "sites" VALUES ('735', 'abanppc.com', '1', null);
INSERT INTO "sites" VALUES ('738', 'paulor.net', '1', null);
INSERT INTO "sites" VALUES ('740', 'hesar-.blogfa.com', '1', null);
INSERT INTO "sites" VALUES ('741', 'agechi.com', '1', null);
INSERT INTO "sites" VALUES ('742', 'gooshe.net', '1', null);
INSERT INTO "sites" VALUES ('743', 'tabnak.com', '1', null);
INSERT INTO "sites" VALUES ('744', 'irna.com', '1', null);
INSERT INTO "sites" VALUES ('746', 'krautchan.net', '1', null);
INSERT INTO "sites" VALUES ('745', 'theveboy.com', '3', null);
INSERT INTO "sites" VALUES ('747', 'sabzkoud.com', '1', null);
INSERT INTO "sites" VALUES ('748', 'yellowen.com', '1', null);
INSERT INTO "sites" VALUES ('750', 'bernsteinbear.com', '1', null);
INSERT INTO "sites" VALUES ('751', 'shahlabaversad.de', '3', null);
INSERT INTO "sites" VALUES ('753', 'bilalkarim.com', '1', null);
INSERT INTO "sites" VALUES ('754', 'mazanne.com', '1', null);
INSERT INTO "sites" VALUES ('632', 'frontiersin.org', '5', null);
INSERT INTO "sites" VALUES ('749', 'mrshm.ir', '3', null);
INSERT INTO "sites" VALUES ('755', 'dev.topgunlearning.com', '1', null);
INSERT INTO "sites" VALUES ('756', 'irna.ir', '1', null);
INSERT INTO "sites" VALUES ('757', 'dirpy.com', '1', null);
INSERT INTO "sites" VALUES ('859', 'thenaterhood.com', '1', null);
INSERT INTO "sites" VALUES ('758', 'nbc.com', '3', null);
INSERT INTO "sites" VALUES ('759', 'iransaze.com', '1', null);
INSERT INTO "sites" VALUES ('752', 'freqn.com', '3', null);
INSERT INTO "sites" VALUES ('760', 'drudgereport.com', '1', null);
INSERT INTO "sites" VALUES ('761', 'viract.net', '1', null);
INSERT INTO "sites" VALUES ('762', 'golangabin.com', '1', null);
INSERT INTO "sites" VALUES ('763', 'bbcpersion.com', '1', null);
INSERT INTO "sites" VALUES ('764', 'bushehriha.com', '1', null);
INSERT INTO "sites" VALUES ('765', 'drupalschool.ir', '1', null);
INSERT INTO "sites" VALUES ('766', 'farjad.de', '1', null);
INSERT INTO "sites" VALUES ('767', 'oa.no', '1', null);
INSERT INTO "sites" VALUES ('768', 'ariamovie111.in', '1', null);
INSERT INTO "sites" VALUES ('769', 'ariamovie131.in', '1', null);
INSERT INTO "sites" VALUES ('770', 'saimx.ir', '1', null);
INSERT INTO "sites" VALUES ('772', 'samix.ir', '1', null);
INSERT INTO "sites" VALUES ('773', 'idro.ir', '1', null);
INSERT INTO "sites" VALUES ('774', 'kentikusi.jp', '1', null);
INSERT INTO "sites" VALUES ('775', 'blog.livedoor.jp', '1', null);
INSERT INTO "sites" VALUES ('776', 'tokyo-kokeshi.jp', '1', null);
INSERT INTO "sites" VALUES ('777', 'homepage3.nifty.com', '1', null);
INSERT INTO "sites" VALUES ('780', 'jp.msn.com', '1', null);
INSERT INTO "sites" VALUES ('781', 'genome.rcast.u-tokyo.ac.jp', '1', null);
INSERT INTO "sites" VALUES ('782', 'tnk47.ameba.jp', '1', null);
INSERT INTO "sites" VALUES ('783', 'kmsi.co.jp', '1', null);
INSERT INTO "sites" VALUES ('784', 'kccs.co.jp', '1', null);
INSERT INTO "sites" VALUES ('785', 'news', '1', null);
INSERT INTO "sites" VALUES ('786', 'asahi.com', '1', null);
INSERT INTO "sites" VALUES ('787', 'yahoo', '1', null);
INSERT INTO "sites" VALUES ('860', 'd9mhths17tlfhzzwe7c32pfnljc4po6h2a', '1', null);
INSERT INTO "sites" VALUES ('861', 'dbnegjsb1sb7xa4bhqbexhwa8nfjyerypk', '1', null);
INSERT INTO "sites" VALUES ('862', 'cryptiv.com', '1', null);
INSERT INTO "sites" VALUES ('788', 'cnn', '3', null);
INSERT INTO "sites" VALUES ('789', 'ponpare.jp', '1', null);
INSERT INTO "sites" VALUES ('790', 'dailynews.yahoo.co.jp', '1', null);
INSERT INTO "sites" VALUES ('829', 'cadcenter.co.jp', '1', null);
INSERT INTO "sites" VALUES ('830', 'simone.co.jp', '1', null);
INSERT INTO "sites" VALUES ('831', 'ilovesimone.com', '1', null);
INSERT INTO "sites" VALUES ('832', 'careerhack.en-japan.com', '1', null);
INSERT INTO "sites" VALUES ('793', 'kinotrope.co.jp', '1', null);
INSERT INTO "sites" VALUES ('794', 'konboi.hatenablog.com', '3', null);
INSERT INTO "sites" VALUES ('795', 'test', '3', null);
INSERT INTO "sites" VALUES ('797', 'xn--eekdv6929dtb6a', '1', null);
INSERT INTO "sites" VALUES ('798', 'such', '1', null);
INSERT INTO "sites" VALUES ('833', 'sakura.ad.jp', '3', null);
INSERT INTO "sites" VALUES ('791', 'moongift.jp', '3', null);
INSERT INTO "sites" VALUES ('799', 'renta.papy.co.jp', '1', null);
INSERT INTO "sites" VALUES ('864', 'dogecoinspain.com', '1', null);
INSERT INTO "sites" VALUES ('800', 'skygate.co.jp', '1', null);
INSERT INTO "sites" VALUES ('801', 'meisakushu.blog94.fc2.com', '1', null);
INSERT INTO "sites" VALUES ('802', 'airlink.co.jp', '1', null);
INSERT INTO "sites" VALUES ('863', 'myfantasy.co', '3', null);
INSERT INTO "sites" VALUES ('834', 'ja.wikipedia.org', '1', null);
INSERT INTO "sites" VALUES ('835', 'diamondblog.jp', '1', null);
INSERT INTO "sites" VALUES ('19', 'dogeify.org', '67', 'moar doge for ur doge');
INSERT INTO "sites" VALUES ('865', 'martbest.com', '3', null);
INSERT INTO "sites" VALUES ('836', 'xn--pckuatm', '1', null);
INSERT INTO "sites" VALUES ('837', 'stafes.co.jp', '1', null);
INSERT INTO "sites" VALUES ('838', 'birdman.ne.jp', '1', null);
INSERT INTO "sites" VALUES ('803', 'cci.co.jp', '5', null);
INSERT INTO "sites" VALUES ('839', 'rail-uploader.khz-net.com', '1', null);
INSERT INTO "sites" VALUES ('840', 'tranquilbase.org', '1', null);
INSERT INTO "sites" VALUES ('841', 'xhamster.com', '1', null);
INSERT INTO "sites" VALUES ('842', 'blogfa.com', '1', null);
INSERT INTO "sites" VALUES ('843', 'iran.com', '1', null);
INSERT INTO "sites" VALUES ('866', 'dutwub5fddjy52l5241k4e53uzczpzgfve', '1', null);
INSERT INTO "sites" VALUES ('867', 'd7gnkuahfoshmc5yjxbqqdxlzdnnetcn6n', '1', null);
INSERT INTO "sites" VALUES ('771', 'iran.ir', '3', null);
INSERT INTO "sites" VALUES ('844', 'h33t.it', '1', null);
INSERT INTO "sites" VALUES ('804', 'beben-koben.blogspot.com', '3', null);
INSERT INTO "sites" VALUES ('805', 'undercover-blogger.blogspot.com', '1', null);
INSERT INTO "sites" VALUES ('806', 'embah-google.blogspot.com', '1', null);
INSERT INTO "sites" VALUES ('807', 'ben-tools.blogspot.com', '1', null);
INSERT INTO "sites" VALUES ('808', 'twotter.com', '1', null);
INSERT INTO "sites" VALUES ('845', 'h33t.ir', '1', null);
INSERT INTO "sites" VALUES ('846', 'eiji.muroichi.info', '1', null);
INSERT INTO "sites" VALUES ('847', 'jandan.net', '1', null);
INSERT INTO "sites" VALUES ('809', 'jp.finalfantasyxiv.com', '3', null);
INSERT INTO "sites" VALUES ('849', 'deturl.com', '1', null);
INSERT INTO "sites" VALUES ('810', 'yahoo.co.jphttp', '1', null);
INSERT INTO "sites" VALUES ('811', 'jp.playstation.com', '1', null);
INSERT INTO "sites" VALUES ('812', 'monographer.jp', '1', null);
INSERT INTO "sites" VALUES ('779', 'gigazine.net', '3', null);
INSERT INTO "sites" VALUES ('851', 'bbc.co.uk.dogeify.org', '1', null);
INSERT INTO "sites" VALUES ('868', 'd946tklcnzt4nkiynaaqk5dlcdv9uz1bcf', '1', null);
INSERT INTO "sites" VALUES ('813', 'landgarage.co.jp', '1', null);
INSERT INTO "sites" VALUES ('814', 'nyan-class.com', '1', null);
INSERT INTO "sites" VALUES ('848', 'manoto1.com', '3', null);
INSERT INTO "sites" VALUES ('796', 'b.hatena.ne.jp', '3', null);
INSERT INTO "sites" VALUES ('815', 'gunosy.com', '1', null);
INSERT INTO "sites" VALUES ('817', 'laddy.info', '1', null);
INSERT INTO "sites" VALUES ('816', 'wiseman.co.jp', '3', null);
INSERT INTO "sites" VALUES ('818', 'gerishna.com', '1', null);
INSERT INTO "sites" VALUES ('819', 'landerblue.co.jp', '1', null);
INSERT INTO "sites" VALUES ('820', 'm.yahoo.co.jp', '1', null);
INSERT INTO "sites" VALUES ('852', 'timesofindia.com', '1', null);
INSERT INTO "sites" VALUES ('821', 'sugayuri-art.wix.com', '3', null);
INSERT INTO "sites" VALUES ('822', 'tsunamachimitsuiclub.co.jp', '1', null);
INSERT INTO "sites" VALUES ('823', 'msi.co.jp', '1', null);
INSERT INTO "sites" VALUES ('824', 'recruit.jp', '1', null);
INSERT INTO "sites" VALUES ('869', 'bitcoinewz.com', '1', null);
INSERT INTO "sites" VALUES ('792', 'google.co.jp', '13', null);
INSERT INTO "sites" VALUES ('870', 'm.youtube.com', '1', null);
INSERT INTO "sites" VALUES ('873', 'tvshow.ir', '1', null);
INSERT INTO "sites" VALUES ('853', 'qoinpro.com', '1', null);
INSERT INTO "sites" VALUES ('854', 'dfqa8msvflsy51hxbazn1jylk3svkfj6ww', '1', null);
INSERT INTO "sites" VALUES ('825', 'seiga.nicovideo.jp', '1', null);
INSERT INTO "sites" VALUES ('826', 'spicebox.co.jp', '1', null);
INSERT INTO "sites" VALUES ('827', 'artdesignjobs.bijutsu.co.jp', '1', null);
INSERT INTO "sites" VALUES ('874', 'dustinhome.se', '1', null);
INSERT INTO "sites" VALUES ('875', 'cobaltdigital.com', '1', null);
INSERT INTO "sites" VALUES ('828', 'semitransparentdesign.com', '1', null);
INSERT INTO "sites" VALUES ('871', 'fujitv.co.jp', '1', null);
INSERT INTO "sites" VALUES ('876', 'mckenziewagner.com', '1', null);
INSERT INTO "sites" VALUES ('778', 'yahoo.co.jp', '43', null);
INSERT INTO "sites" VALUES ('855', 'thinkgeekg.com', '1', null);
INSERT INTO "sites" VALUES ('856', 'negril.com', '1', null);
INSERT INTO "sites" VALUES ('857', 'treasureshipantiques.com', '1', null);
INSERT INTO "sites" VALUES ('858', 'krippenwagen.mobi', '1', null);
INSERT INTO "sites" VALUES ('872', 'fa.wikipedia.org', '1', null);
INSERT INTO "sites" VALUES ('877', 'pr0gramm.com', '1', null);
INSERT INTO "sites" VALUES ('878', 'youporn.com', '1', null);
INSERT INTO "sites" VALUES ('879', 'avrenli.me', '1', null);
INSERT INTO "sites" VALUES ('880', 'deviantart.com', '1', null);
INSERT INTO "sites" VALUES ('881', 's3nd.me', '1', null);
INSERT INTO "sites" VALUES ('882', 'the200acres.com', '1', null);
INSERT INTO "sites" VALUES ('915', 'codevc.com', '1', null);
INSERT INTO "sites" VALUES ('916', 'dastadast.ir', '1', null);
INSERT INTO "sites" VALUES ('917', 'badrsun.com', '1', null);
INSERT INTO "sites" VALUES ('919', 'wireless', '1', null);
INSERT INTO "sites" VALUES ('918', 'amplify.com', '9', null);
INSERT INTO "sites" VALUES ('921', 't1mg.com', '1', null);
INSERT INTO "sites" VALUES ('920', 'jira.poc.wgennc.net', '3', null);
INSERT INTO "sites" VALUES ('923', 'beauniq.com', '1', null);
INSERT INTO "sites" VALUES ('924', 'thedailyshow.cc.com', '1', null);
INSERT INTO "sites" VALUES ('922', 'shinee-mania.tumblr.com', '3', null);
INSERT INTO "sites" VALUES ('925', 'huffingtonpost.com', '1', null);
INSERT INTO "sites" VALUES ('926', 'shinee-mania', '1', null);
INSERT INTO "sites" VALUES ('927', 'amimrsleejinkiyet.tumblr.com', '1', null);
INSERT INTO "sites" VALUES ('850', 'plus.google.com', '5', null);
INSERT INTO "sites" VALUES ('928', 'binalalaa.tumblr.com', '1', null);
INSERT INTO "sites" VALUES ('929', 'warlock-ed.tumblr.com', '1', null);
INSERT INTO "sites" VALUES ('930', 'kaeguriprince.tumblr.com', '1', null);
INSERT INTO "sites" VALUES ('931', 'jongtae.co.vu', '1', null);
INSERT INTO "sites" VALUES ('932', 'chensoos.tumblr.com', '1', null);
INSERT INTO "sites" VALUES ('933', 'minsuckit.tumblr.com', '1', null);
INSERT INTO "sites" VALUES ('934', 'theycallmethenormalone.tumblr.com', '1', null);
INSERT INTO "sites" VALUES ('935', 'hwln.tumblr.com', '7', null);
INSERT INTO "sites" VALUES ('936', 'chardubu.tumblr.com', '1', null);
INSERT INTO "sites" VALUES ('937', 'b2strising.com', '3', null);
INSERT INTO "sites" VALUES ('938', 'ppudding.tumblr', '1', null);
INSERT INTO "sites" VALUES ('939', 'ppudding.tumblr.com', '1', null);
INSERT INTO "sites" VALUES ('940', 'kaimint.tumblr.com', '1', null);
INSERT INTO "sites" VALUES ('941', 'yongseohada.tumblr.com', '1', null);
INSERT INTO "sites" VALUES ('943', 'ponyspin.com', '1', null);
INSERT INTO "sites" VALUES ('944', 'flutteryay.com', '1', null);
INSERT INTO "sites" VALUES ('945', 'investorbit.com', '1', null);
INSERT INTO "sites" VALUES ('948', 'thetimes.co.uk', '1', null);
INSERT INTO "sites" VALUES ('947', 'conservatives.com', '3', null);
INSERT INTO "sites" VALUES ('946', 'news.bbc.co.uk', '3', null);
INSERT INTO "sites" VALUES ('949', 'zhuoweizhang.net', '3', null);
INSERT INTO "sites" VALUES ('950', 'memebase.com', '1', null);
INSERT INTO "sites" VALUES ('951', 'stackoverflow.com', '1', null);
INSERT INTO "sites" VALUES ('952', 'conceptbamboo.com', '1', null);
INSERT INTO "sites" VALUES ('942', 'miniclip.com', '3', null);
INSERT INTO "sites" VALUES ('953', 'dwr.com', '1', null);
INSERT INTO "sites" VALUES ('954', 'scontent-b.xx.fbcdn.net', '1', null);
INSERT INTO "sites" VALUES ('955', 'primewire.ag', '1', null);
INSERT INTO "sites" VALUES ('956', 'answers.yahoo.com', '1', null);
INSERT INTO "sites" VALUES ('957', 'myanimelist.net', '1', null);
INSERT INTO "sites" VALUES ('958', 'mkmiku.wordpress.com', '1', null);
INSERT INTO "sites" VALUES ('959', 'spankwire.com', '1', null);
INSERT INTO "sites" VALUES ('13', 'reddit.com', '759', 'red always, such arrows, wow');
INSERT INTO "sites" VALUES ('960', 'finmaven.com', '1', null);
INSERT INTO "sites" VALUES ('961', 'dpreview.com', '1', null);
INSERT INTO "sites" VALUES ('962', 'igavelauctions.com', '1', null);
COMMIT;

